{
    "baby_trigger_item": null,
    "chain": {
        "evolution_details": [],
        "evolves_to": [
            {
                "evolution_details": [
                    {
                        "gender": null,
                        "held_item": null,
                        "item": null,
                        "known_move": null,
                        "known_move_type": null,
                        "location": null,
                        "min_affection": null,
                        "min_beauty": null,
                        "min_happiness": null,
                        "min_level": 37,
                        "needs_overworld_rain": false,
                        "party_species": null,
                        "party_type": null,
                        "relative_physical_stats": null,
                        "time_of_day": "",
                        "trade_species": null,
                        "trigger": {
                            "name": "level-up",
                            "url": "https://pokeapi.co/api/v2/evolution-trigger/1/"
                        },
                        "turn_upside_down": false
                    },
                    {
                        "gender": null,
                        "held_item": null,
                        "item": {
                            "name": "galarica-cuff",
                            "url": "https://pokeapi.co/api/v2/item/1633/"
                        },
                        "known_move": null,
                        "known_move_type": null,
                        "location": null,
                        "min_affection": null,
                        "min_beauty": null,
                        "min_happiness": null,
                        "min_level": null,
                        "needs_overworld_rain": false,
                        "party_species": null,
                        "party_type": null,
                        "relative_physical_stats": null,
                        "time_of_day": "",
                        "trade_species": null,
                        "trigger": {
                            "name": "use-item",
                            "url": "https://pokeapi.co/api/v2/evolution-trigger/3/"
                        },
                        "turn_upside_down": false
                    }
                ],
                "evolves_to": [],
                "is_baby": false,
                "species": {
                    "name": "slowbro",
                    "url": "https://pokeapi.co/api/v2/pokemon-species/80/"
                }
            },
            {
                "evolution_details": [
                    {
                        "gender": null,
                        "held_item": {
                            "name": "kings-rock",
                            "url": "https://pokeapi.co/api/v2/item/198/"
                        },
                        "item": null,
                        "known_move": null,
                        "known_move_type": null,
                        "location": null,
                        "min_affection": null,
                        "min_beauty": null,
                        "min_happiness": null,
                        "min_level": null,
                        "needs_overworld_rain": false,
                        "party_species": null,
                        "party_type": null,
                        "relative_physical_stats": null,
                        "time_of_day": "",
                        "trade_species": null,
                        "trigger": {
                            "name": "trade",
                            "url": "https://pokeapi.co/api/v2/evolution-trigger/2/"
                        },
                        "turn_upside_down": false
                    },
                    {
                        "gender": null,
                        "held_item": null,
                        "item": {
                            "name": "galarica-wreath",
                            "url": "https://pokeapi.co/api/v2/item/1643/"
                        },
                        "known_move": null,
                        "known_move_type": null,
                        "location": null,
                        "min_affection": null,
                        "min_beauty": null,
                        "min_happiness": null,
                        "min_level": null,
                        "needs_overworld_rain": false,
                        "party_species": null,
                        "party_type": null,
                        "relative_physical_stats": null,
                        "time_of_day": "",
                        "trade_species": null,
                        "trigger": {
                            "name": "use-item",
                            "url": "https://pokeapi.co/api/v2/evolution-trigger/3/"
                        },
                        "turn_upside_down": false
                    }
                ],
                "evolves_to": [],
                "is_baby": false,
                "species": {
                    "name": "slowking",
                    "url": "https://pokeapi.co/api/v2/pokemon-species/199/"
                }
            }
        ],
        "is_baby": false,
        "species": {
            "name": "slowpoke",
            "url": "https://pokeapi.co/api/v2/pokemon-species/79/"
        }
    },
    "id": 33
}