{
    "baby_trigger_item": null,
    "chain": {
        "evolution_details": [],
        "evolves_to": [
            {
                "evolution_details": [
                    {
                        "gender": null,
                        "held_item": null,
                        "item": null,
                        "known_move": null,
                        "known_move_type": null,
                        "location": {
                            "name": "mt-coronet",
                            "url": "https://pokeapi.co/api/v2/location/10/"
                        },
                        "min_affection": null,
                        "min_beauty": null,
                        "min_happiness": null,
                        "min_level": null,
                        "needs_overworld_rain": false,
                        "party_species": null,
                        "party_type": null,
                        "relative_physical_stats": null,
                        "time_of_day": "",
                        "trade_species": null,
                        "trigger": {
                            "name": "level-up",
                            "url": "https://pokeapi.co/api/v2/evolution-trigger/1/"
                        },
                        "turn_upside_down": false
                    },
                    {
                        "gender": null,
                        "held_item": null,
                        "item": null,
                        "known_move": null,
                        "known_move_type": null,
                        "location": {
                            "name": "chargestone-cave",
                            "url": "https://pokeapi.co/api/v2/location/379/"
                        },
                        "min_affection": null,
                        "min_beauty": null,
                        "min_happiness": null,
                        "min_level": null,
                        "needs_overworld_rain": false,
                        "party_species": null,
                        "party_type": null,
                        "relative_physical_stats": null,
                        "time_of_day": "",
                        "trade_species": null,
                        "trigger": {
                            "name": "level-up",
                            "url": "https://pokeapi.co/api/v2/evolution-trigger/1/"
                        },
                        "turn_upside_down": false
                    },
                    {
                        "gender": null,
                        "held_item": null,
                        "item": null,
                        "known_move": null,
                        "known_move_type": null,
                        "location": {
                            "name": "kalos-route-13",
                            "url": "https://pokeapi.co/api/v2/location/629/"
                        },
                        "min_affection": null,
                        "min_beauty": null,
                        "min_happiness": null,
                        "min_level": null,
                        "needs_overworld_rain": false,
                        "party_species": null,
                        "party_type": null,
                        "relative_physical_stats": null,
                        "time_of_day": "",
                        "trade_species": null,
                        "trigger": {
                            "name": "level-up",
                            "url": "https://pokeapi.co/api/v2/evolution-trigger/1/"
                        },
                        "turn_upside_down": false
                    },
                    {
                        "gender": null,
                        "held_item": null,
                        "item": null,
                        "known_move": null,
                        "known_move_type": null,
                        "location": null,
                        "min_affection": null,
                        "min_beauty": null,
                        "min_happiness": null,
                        "min_level": null,
                        "needs_overworld_rain": false,
                        "party_species": null,
                        "party_type": null,
                        "relative_physical_stats": null,
                        "time_of_day": "",
                        "trade_species": null,
                        "trigger": {
                            "name": "level-up",
                            "url": "https://pokeapi.co/api/v2/evolution-trigger/1/"
                        },
                        "turn_upside_down": false
                    }
                ],
                "evolves_to": [],
                "is_baby": false,
                "species": {
                    "name": "probopass",
                    "url": "https://pokeapi.co/api/v2/pokemon-species/476/"
                }
            }
        ],
        "is_baby": false,
        "species": {
            "name": "nosepass",
            "url": "https://pokeapi.co/api/v2/pokemon-species/299/"
        }
    },
    "id": 147
}