{
    "baby_trigger_item": {
        "name": "pure-incense",
        "url": "https://pokeapi.co/api/v2/item/297/"
    },
    "chain": {
        "evolution_details": [],
        "evolves_to": [
            {
                "evolution_details": [
                    {
                        "gender": null,
                        "held_item": null,
                        "item": null,
                        "known_move": null,
                        "known_move_type": null,
                        "location": null,
                        "min_affection": null,
                        "min_beauty": null,
                        "min_happiness": 220,
                        "min_level": null,
                        "needs_overworld_rain": false,
                        "party_species": null,
                        "party_type": null,
                        "relative_physical_stats": null,
                        "time_of_day": "night",
                        "trade_species": null,
                        "trigger": {
                            "name": "level-up",
                            "url": "https://pokeapi.co/api/v2/evolution-trigger/1/"
                        },
                        "turn_upside_down": false
                    }
                ],
                "evolves_to": [],
                "is_baby": false,
                "species": {
                    "name": "chimecho",
                    "url": "https://pokeapi.co/api/v2/pokemon-species/358/"
                }
            }
        ],
        "is_baby": true,
        "species": {
            "name": "chingling",
            "url": "https://pokeapi.co/api/v2/pokemon-species/433/"
        }
    },
    "id": 184
}