{
    "baby_trigger_item": null,
    "chain": {
        "evolution_details": [],
        "evolves_to": [
            {
                "evolution_details": [],
                "evolves_to": [],
                "is_baby": false,
                "species": {
                    "name": "manaphy",
                    "url": "https://pokeapi.co/api/v2/pokemon-species/490/"
                }
            }
        ],
        "is_baby": false,
        "species": {
            "name": "phione",
            "url": "https://pokeapi.co/api/v2/pokemon-species/489/"
        }
    },
    "id": 250
}