{
    "baby_trigger_item": null,
    "chain": {
        "evolution_details": [],
        "evolves_to": [
            {
                "evolution_details": [
                    {
                        "gender": null,
                        "held_item": {
                            "name": "deep-sea-tooth",
                            "url": "https://pokeapi.co/api/v2/item/203/"
                        },
                        "item": null,
                        "known_move": null,
                        "known_move_type": null,
                        "location": null,
                        "min_affection": null,
                        "min_beauty": null,
                        "min_happiness": null,
                        "min_level": null,
                        "needs_overworld_rain": false,
                        "party_species": null,
                        "party_type": null,
                        "relative_physical_stats": null,
                        "time_of_day": "",
                        "trade_species": null,
                        "trigger": {
                            "name": "trade",
                            "url": "https://pokeapi.co/api/v2/evolution-trigger/2/"
                        },
                        "turn_upside_down": false
                    }
                ],
                "evolves_to": [],
                "is_baby": false,
                "species": {
                    "name": "huntail",
                    "url": "https://pokeapi.co/api/v2/pokemon-species/367/"
                }
            },
            {
                "evolution_details": [
                    {
                        "gender": null,
                        "held_item": {
                            "name": "deep-sea-scale",
                            "url": "https://pokeapi.co/api/v2/item/204/"
                        },
                        "item": null,
                        "known_move": null,
                        "known_move_type": null,
                        "location": null,
                        "min_affection": null,
                        "min_beauty": null,
                        "min_happiness": null,
                        "min_level": null,
                        "needs_overworld_rain": false,
                        "party_species": null,
                        "party_type": null,
                        "relative_physical_stats": null,
                        "time_of_day": "",
                        "trade_species": null,
                        "trigger": {
                            "name": "trade",
                            "url": "https://pokeapi.co/api/v2/evolution-trigger/2/"
                        },
                        "turn_upside_down": false
                    }
                ],
                "evolves_to": [],
                "is_baby": false,
                "species": {
                    "name": "gorebyss",
                    "url": "https://pokeapi.co/api/v2/pokemon-species/368/"
                }
            }
        ],
        "is_baby": false,
        "species": {
            "name": "clamperl",
            "url": "https://pokeapi.co/api/v2/pokemon-species/366/"
        }
    },
    "id": 188
}